epoch,train_acc,train_loss,test_acc,test_loss
1,10.0,2.4254458282470703,10.0,2.4252535190582276
