epoch,train_acc,train_loss,test_acc,test_loss
1,11.343999862670898,2.330520705566406,9.819999694824219,2.340215157318115
