epoch,train_acc,train_loss,test_acc,test_loss
1,11.454000473022461,2.3109518734741212,11.079999923706055,2.31466323928833
