epoch,train_acc,train_loss,test_acc,test_loss
1,15.293999671936035,2.5068581634521485,15.609999656677246,2.509082096481323
2,12.175999641418457,2.786930666809082,14.59000015258789,2.6462360107421876
3,18.006000518798828,2.5575651718139647,18.049999237060547,2.538572348022461
4,30.285999298095703,2.2543415786743166,31.40999984741211,2.1817302696228027
