epoch,train_acc,train_loss,test_acc,test_loss
1,9.906,9.17993120820782e+28,10.0,9.092065589566594e+28
