epoch,train_acc,train_loss,test_acc,test_loss
1,10.042,2.370937448730469,10.0,2.372923924255371
