epoch,train_acc,train_loss,test_acc,test_loss
1,12.470000267028809,2.299435290222168,12.710000038146973,2.2992623489379884
2,20.034000396728516,2.2519958471679686,20.239999771118164,2.249889278793335
